Community,County,State_abb
BerkeleyHeightstownship,Union ,NJ
Marpletownship,Delaware ,PA
Tigardcity,Washington ,OR
Gloversvillecity,Fulton ,NY
Bemidjicity,Beltrami ,MN
Springfieldcity,Greene ,MO
Norwoodtown,Norfolk ,MA
Andersoncity,Madison ,IN
Fargocity,Cass ,ND
Wacocity,McLennan ,TX
Shermancity,Grayson ,TX
SanPablocity,Contra Costa ,CA
BowlingGreencity,Warren ,KY
PineBluffcity,Jefferson ,AR
NewUlmcity,Brown ,MN
Maplewoodcity,Ramsey ,MN
Enfieldtown,Hartford ,CT
Glendalecity,Los Angeles ,CA
Worthingtoncity,Franklin ,OH
Arlingtoncity,Tarrant ,TX
Plymouthcity,Hennepin ,MN
NewYorkcity,New York ,NY
Marinacity,Marin ,CA
Lebanoncity,Grafton ,NH
Rockledgecity,Brevard ,FL
Rogerscity,Benton ,AR
Bellairecity,Harris ,TX
ElCajoncity,San Diego ,CA
MosesLakecity,Grant ,WA
WestMemphiscity,Crittenden ,AR
Eunicecity,St. Landry Parish,LA
Laredocity,Webb ,TX
Amsterdamcity,Montgomery ,NY
Gorhamtown,Cumberland ,ME
RockSpringscity,Sweetwater ,WY
Oakdalecity,Stanislaus ,CA
Hendersoncity,Vance ,NC
Norcocity,Sacramento ,CA
Greenvillecity,Washington ,MS
SanCarloscity,San Mateo ,CA
SanAngelocity,Tom Green ,TX
Barbertoncity,Summit ,OH
Pontiaccity,Oakland ,MI
Suffolkcity,Suffolk City,VA
Martinsvillecity,Martinsville City,VA
Bricktownship,Ocean ,NJ
LagunaBeachcity,Orange ,CA
Robstowncity,Nueces ,TX
Wyomingcity,Kent ,MI
Hastingscity,Dakota ,MN
Paragouldcity,Greene ,AR
BeverlyHillscity,Los Angeles ,CA
UniversityHeightscity,Cuyahoga ,OH
Marioncity,Marion ,OH
Toledocity,Lucas ,OH
Philadelphiacity,Philadelphia ,PA
Newtoncity,Middlesex ,MA
OrmondBeachcity,Volusia ,FL
Lynchburgcity,Lynchburg City,VA
Clintoncity,Hinds ,MS
Andersoncity,Anderson ,SC
Mesquitecity,Dallas ,TX
ParkForestvillage,Cook ,IL
ChippewaFallscity,Chippewa ,WI
Beavercreekcity,Greene ,OH
Keenecity,Cheshire ,NH
Springfieldtownship,Clark ,OH
Swissvaleborough,Allegheny ,PA
Knoxvillecity,Knox ,TN
Kernersvilletown,Forsyth ,NC
Bloomingtoncity,Hennepin ,MN
ScotchPlainstownship,Union ,NJ
Newingtontown,Hartford ,CT
Moberlycity,Randolph ,MO
Sandycity,Salt Lake ,UT
Wheatoncity,DuPage ,IL
WhiteLaketownship,Oakland ,MI
Chickashacity,Grady ,OK
Tucsoncity,Pima ,AZ
Gallowaytownship,Atlantic ,NJ
Sweetwatercity,Nolan ,TX
Portsmouthcity,Rockingham ,NH
Hulltown,Plymouth ,MA
Scotttownship,Allegheny ,PA
Pittsfieldtownship,Washtenaw ,MI
Duncanvillecity,Dallas ,TX
Mexicocity,Audrain ,MO
NewProvidenceborough,Union ,NJ
Barnstabletown,Barnstable ,MA
Rutherfordborough,Bergen ,NJ
Portlandcity,Multnomah ,OR
Manassascity,Manassas City,VA
Torrancecity,Los Angeles ,CA
SouthJordancity,Salt Lake ,UT
RedwoodCitycity,San Mateo ,CA
Lancastertownship,Lancaster ,PA
Algonquinvillage,McHenry ,IL
Sebastiancity,Indian River ,FL
GrandForkscity,Grand Forks ,ND
NewHaventown,New Haven ,CT
Westwegocity,West Baton Rouge Parish,LA
Doltonvillage,Cook ,IL
Munstertown,Lake ,IN
Newberrytown,York ,SC
NorthTonawandacity,Erie ,NY
Redlandscity,San Bernardino ,CA
Avondalecity,Maricopa ,AZ
Lafayettecity,Boulder ,CO
Oshkoshcity,Winnebago ,WI
Tukwilacity,King ,WA
Dublincity,Alameda ,CA
Breacity,Alameda ,CA
NorthAugustacity,Aiken ,SC
Tallahasseecity,Leon ,FL
Princetonborough,Mercer ,NJ
Menomoniecity,Dunn ,WI
Sturgiscity,St. Joseph ,MI
Alpharettacity,Fulton ,GA
Jeffersontownship,Morris ,NJ
StevensPointcity,Portage ,WI
Woodlandcity,Yolo ,CA
NorthBrunswicktownship,Middlesex ,NJ
Springfieldcity,Clark ,OH
Richfieldcity,Hennepin ,MN
Corsicanacity,Navarro ,TX
Wabashcity,Wabash ,IN
Woostercity,Wayne ,OH
LosAngelescity,Los Angeles ,CA
Harrisontown,Hudson ,NJ
Swanseatown,Bristol ,MA
Superiorcity,Douglas ,WI
Monroecity,Monroe ,MI
Madisontownship,Lake ,OH
Seasidecity,Monterey ,CA
Grapevinecity,Tarrant ,TX
Columbiacity,Boone ,MO
Lebanoncity,Linn ,OR
WestChesterborough,Chester ,PA
Eatontownborough,Monmouth ,NJ
Parkersburgcity,Wood ,WV
Spokanecity,Spokane ,WA
Durangocity,La Plata ,CO
Aberdeencity,Grays Harbor ,WA
Sumtercity,Sumter ,SC
Burrillvilletown,Providence ,RI
AnnArborcity,Washtenaw ,MI
Derrytown,Rockingham ,NH
Daniacity,Pasco ,FL
Salemcity,Columbiana ,OH
Greendalevillage,Milwaukee ,WI
UnionCitycity,Hudson ,NJ
FosterCitycity,San Mateo ,CA
Flintcity,Genesee ,MI
NewBrunswickcity,Middlesex ,NJ
Houmacity,Terrebonne Parish,LA
EastPaloAltocity,San Mateo ,CA
Brentwoodcity,Williamson ,TN
LeagueCitycity,Galveston ,TX
NewIberiacity,Iberia Parish,LA
Astontownship,Delaware ,PA
GloucesterCitycity,Camden ,NJ
Shalertownship,Allegheny ,PA
Arnoldcity,Jefferson ,MO
Goshentownship,Clermont ,OH
Chestercity,Chester ,PA
UnionCitycity,Obion ,TN
Tampacity,Hillsborough ,FL
Dallascity,Dallas ,TX
Searcycity,White ,AR
Bellinghamcity,Whatcom ,WA
BullheadCitycity,Mohave ,AZ
CulverCitycity,Los Angeles ,CA
Newbergcity,Yamhill ,OR
Readingcity,Berks ,PA
Rustoncity,Lincoln Parish,LA
Richmondcity,Contra Costa ,CA
Methuentown,Essex ,MA
Florissantcity,St. Louis ,MO
WestFargocity,Cass ,ND
Douglascity,Cochise ,AZ
Selmacity,Dallas ,AL
Nortoncity,Summit ,OH
Missioncity,Hidalgo ,TX
Middletownship,Middlesex ,NJ
MountLaureltownship,Burlington ,NJ
Greeleycity,Weld ,CO
CostaMesacity,Orange ,CA
LosAlamitoscity,Orange ,CA
SouthOrangeVillagetownship,Essex ,NJ
RedBluffcity,Tehama ,CA
Plainfieldtown,Hendricks ,IN
Fredericksburgcity,Fredericksburg City,VA
Colleyvillecity,Tarrant ,TX
Pittsburgcity,Contra Costa ,CA
MissionViejocity,Orange ,CA
LongBeachcity,Los Angeles ,CA
Duluthcity,St. Louis ,MN
Shelbycity,Cleveland ,NC
Coronacity,Riverside ,CA
Beverlycity,Essex ,MA
CoralSpringscity,Broward ,FL
NorthBranfordtown,New Haven ,CT
Geneseetownship,Genesee ,MI
SanBrunocity,San Mateo ,CA
Valdostacity,Lowndes ,GA
OklahomaCitycity,Oklahoma ,OK
PortLavacacity,Calhoun ,TX
Alicecity,Jim Wells ,TX
Sterlingcity,Logan ,CO
Coronadocity,San Diego ,CA
Bremertoncity,Kitsap ,WA
RapidCitycity,Pennington ,SD
LaPalmacity,Orange ,CA
Glenviewvillage,Cook ,IL
Dinubacity,Tulare ,CA
TempleTerracecity,Hillsborough ,FL
Bendcity,Deschutes ,OR
Bernardstownship,Somerset ,NJ
Pocatellocity,Bannock ,ID
Clearlakecity,Lake ,CA
Gulfportcity,Harrison ,MS
Fremontcity,Sandusky ,OH
Midlandcity,Midland ,MI
Laurelcity,Jones ,MS
MountVernoncity,Westchester ,NY
Raytowncity,Jackson ,MO
Natchitochescity,Natchitoches Parish,LA
Lebanoncity,Warren ,OH
Pariscity,Lamar ,TX
Hawthorneborough,Passaic ,NJ
DeSotocity,Dallas ,TX
SunPrairiecity,Dane ,WI
Hendersonvillecity,Sumner ,TN
BoyntonBeachcity,Palm Beach ,FL
Raritantownship,Somerset ,NJ
TraverseCitycity,Grand Traverse ,MI
Rockwallcity,Rockwall ,TX
Meridiancity,Lauderdale ,MS
NewPortRicheycity,Pasco ,FL
LowerAllentownship,Lehigh ,PA
Willingborotownship,Burlington ,NJ
RidgefieldParkvillage,Bergen ,NJ
Emmetttownship,St. Clair ,MI
Hinghamtown,Plymouth ,MA
ElDoradocity,Union ,AR
Westbrookcity,Cumberland ,ME
Newburghcity,Orange ,NY
Butlertownship,Butler ,PA
Lindencity,Union ,NJ
Kalamazoocity,Kalamazoo ,MI
ForestParkcity,Clayton ,GA
Viennatown,Fairfax ,VA
Westfieldtown,Union ,NJ
GrandTerracecity,San Bernardino ,CA
Carsoncity,Los Angeles ,CA
Berkeleytownship,Ocean ,NJ
Auburncity,Cayuga ,NY
Hilliardcity,Franklin ,OH
Davietown,Sarasota ,FL
Greenfieldtown,Franklin ,MA
Weirtoncity,Hancock ,WV
Lenoircity,Caldwell ,NC
Independencecity,Kenton ,KY
Lomitacity,Los Angeles ,CA
Milfordtown,New Haven ,CT
Kokomocity,Howard ,IN
WestMonroecity,Ouachita Parish,LA
RedWingcity,Goodhue ,MN
RedondoBeachcity,Los Angeles ,CA
Leesburgcity,Lake ,FL
Sanfordtown,York ,ME
Mariettacity,Washington ,OH
LakeOswegocity,Clackamas ,OR
Renocity,Washoe ,NV
Johnstontown,Providence ,RI
GlendaleHeightsvillage,DuPage ,IL
Rockfordcity,Winnebago ,IL
LaPuentecity,Los Angeles ,CA
WalnutCreekcity,Contra Costa ,CA
Wausaucity,Marathon ,WI
UpperDarbytownship,Delaware ,PA
Louisvillecity,Boulder ,CO
Napervillecity,DuPage ,IL
Hollistercity,San Benito ,CA
SaddleBrooktownship,Bergen ,NJ
Newportcity,Newport ,RI
Quincycity,Norfolk ,MA
Eagancity,Dakota ,MN
MapleGrovecity,Hennepin ,MN
RockHillcity,York ,SC
Arvadacity,Jefferson ,CO
Monroecity,Green ,WI
YubaCitycity,Sutter ,CA
Pawtucketcity,Providence ,RI
Wichitacity,Sedgwick ,KS
Denvilletownship,Morris ,NJ
Lancastercity,Fairfield ,OH
Perriscity,Riverside ,CA
SaltLakeCitycity,Salt Lake ,UT
BlueSpringscity,Jackson ,MO
Americuscity,Sumter ,GA
Bessemercity,Jefferson ,AL
OakRidgecity,Anderson ,TN
Speedwaytown,Marion ,IN
Lakewoodcity,Cuyahoga ,OH
Jolietcity,Will ,IL
Venicecity,Sarasota ,FL
Madisonvillecity,Hopkins ,KY
Corningcity,Steuben ,NY
Zanesvillecity,Muskingum ,OH
PlantCitycity,Hillsborough ,FL
WestLinncity,Clackamas ,OR
Burnsvillecity,Dakota ,MN
Muhlenbergtownship,Berks ,PA
RiverEdgeborough,Bergen ,NJ
MorenoValleycity,Riverside ,CA
Pierrecity,Hughes ,SD
Ramseyborough,Bergen ,NJ
CopperasCovecity,Coryell ,TX
Ketteringcity,Montgomery ,OH
GrandChutetown,Outagamie ,WI
Dumontborough,Bergen ,NJ
Novicity,Dickinson ,MI
Xeniacity,Greene ,OH
SouthPortlandcity,Cumberland ,ME
Troycity,Miami ,OH
Melrosecity,Middlesex ,MA
Berlintown,Hartford ,CT
Fergusoncity,St. Louis ,MO
Paradisetown,Butte ,CA
Greenvillecity,Greenville ,SC
Pullmancity,Whitman ,WA
Dickinsoncity,Stark ,ND
Nilescity,Berrien ,MI
AgouraHillscity,Los Angeles ,CA
Greenvillecity,Hunt ,TX
Burlingamecity,San Mateo ,CA
Middletoncity,Dane ,WI
Branfordtown,New Haven ,CT
Haddontownship,Camden ,NJ
Burkburnettcity,Wichita ,TX
Harrisburgcity,Dauphin ,PA
Roycity,Weber ,UT
Buffalocity,Erie ,NY
Albanycity,Dougherty ,GA
Lancastercity,Dallas ,TX
CapeCoralcity,Lee ,FL
Lodiborough,Bergen ,NJ
Detroitcity,Wayne ,MI
Sarasotacity,Sarasota ,FL
BrooklynParkcity,Hennepin ,MN
Dothancity,Houston ,AL
Visaliacity,Tulare ,CA
Highlandtown,Lake ,IN
DelrayBeachcity,Palm Beach ,FL
Oxfordtown,Worcester ,MA
Andrewscity,Andrews ,TX
Seguincity,Guadalupe ,TX
UniversalCitycity,Bexar ,TX
SierraVistacity,Cochise ,AZ
MyrtleBeachcity,Horry ,SC
Hawthornecity,Los Angeles ,CA
Savannahcity,Chatham ,GA
Pennsvilletownship,Salem ,NJ
Melvindalecity,Wayne ,MI
EdenPrairiecity,Hennepin ,MN
Greenvillecity,Pitt ,NC
KeyWestcity,Monroe ,FL
SanJacintocity,Riverside ,CA
Greenwichtown,Fairfield ,CT
Sacramentocity,Sacramento ,CA
Lakelandcity,Polk ,FL
Scrantoncity,Lackawanna ,PA
Centertownship,Snyder ,PA
Joplincity,Jasper ,MO
Sparkscity,Washoe ,NV
Colliervilletown,Shelby ,TN
CityofOrangetownship,Bergen ,NJ
SouthGatecity,Los Angeles ,CA
FortWorthcity,Tarrant ,TX
Slidellcity,St. Tammany Parish,LA
Scottsborocity,Jackson ,AL
Yanktoncity,Yankton ,SD
Miramarcity,Broward ,FL
Oceantownship,Ocean ,NJ
Harvardtown,Worcester ,MA
Okmulgeecity,Okmulgee ,OK
NewportBeachcity,Orange ,CA
Martinezcity,Contra Costa ,CA
Prattvillecity,Autauga ,AL
Montclairtownship,Essex ,NJ
Hollandcity,Ottawa ,MI
UpperArlingtoncity,Franklin ,OH
Hopkinsvillecity,Christian ,KY
Glendoracity,Los Angeles ,CA
GreenRivercity,Sweetwater ,WY
Sumptertownship,Gratiot ,MI
Bellinghamtown,Norfolk ,MA
FortDodgecity,Webster ,IA
MountOlivetownship,Morris ,NJ
Hanoverborough,York ,PA
Nicevillecity,Okaloosa ,FL
Westlakecity,Cuyahoga ,OH
Palatkacity,Putnam ,FL
Glendalecity,Milwaukee ,WI
Massilloncity,Stark ,OH
Wenatcheecity,Chelan ,WA
Roxburytownship,Morris ,NJ
Artesiacity,Los Angeles ,CA
Cudahycity,Milwaukee ,WI
Urbanacity,Cuyahoga ,OH
Burlingtoncity,Alamance ,NC
Hendersoncity,Clark ,NV
Champlincity,Hennepin ,MN
Highlandcity,San Bernardino ,CA
Hyattsvillecity,Prince George's ,MD
SouthBendcity,St. Joseph ,IN
Stuartcity,Martin ,FL
LighthousePointcity,Broward ,FL
Southgatecity,Wayne ,MI
Orangetown,New Haven ,CT
Moorestowntownship,Passaic ,NJ
Rialtocity,San Bernardino ,CA
Gastoniacity,Gaston ,NC
Irvingtontownship,Essex ,NJ
Hobokencity,Hudson ,NJ
Harlingencity,Cameron ,TX
ColonialHeightscity,Colonial Heights City,VA
Oneidacity,Madison ,NY
Charlottesvilledistrict,Charlottesville City,VA
Clarksvilletown,Clark ,IN
Clintontown,Worcester ,MA
Chesterfieldcity,St. Louis ,MO
Sayrevilleborough,Middlesex ,NJ
Genevacity,Ontario ,NY
RoanokeRapidscity,Halifax ,NC
Dumascity,Hockley ,TX
Winchestertown,Middlesex ,MA
WisconsinRapidscity,Wood ,WI
Longviewcity,Cowlitz ,WA
Bellmawrborough,Camden ,NJ
ParadiseValleytown,Maricopa ,AZ
Lodicity,San Joaquin ,CA
Troycity,Pike ,AL
Stoughtontown,Norfolk ,MA
Holmdeltownship,Monmouth ,NJ
NorthPlainfieldborough,Somerset ,NJ
Beltoncity,Cass ,MO
Warrensburgcity,Johnson ,MO
Richmondcity,Wayne ,IN
Merrillvilletown,Lake ,IN
Yeadonborough,Delaware ,PA
BellefontaineNeighborscity,St. Louis ,MO
Stoningtontown,New London ,CT
SanFranciscocity,San Francisco ,CA
Covinacity,Los Angeles ,CA
Corvalliscity,Benton ,OR
SantaFeSpringscity,Los Angeles ,CA
Farmingtoncity,Oakland ,MI
Winslowtownship,Camden ,NJ
Meridentown,New Haven ,CT
SantaMonicacity,Los Angeles ,CA
Simsburytown,Hartford ,CT
Biddefordcity,York ,ME
Oconomowoccity,Waukesha ,WI
PalmBaycity,Brevard ,FL
Greshamcity,Multnomah ,OR
Eriecity,Erie ,PA
Provocity,Utah ,UT
Lewistoncity,Androscoggin ,ME
GrandRapidscity,Kent ,MI
VanWertcity,Van Wert ,OH
NortonShorescity,Muskegon ,MI
Ithacacity,Tompkins ,NY
Jacksonvillecity,Onslow ,NC
Vermilioncity,Erie ,OH
PembrokePinescity,Broward ,FL
Westervillecity,Franklin ,OH
NorthAdamscity,Berkshire ,MA
Wallingtonborough,Bergen ,NJ
Mequoncity,Ozaukee ,WI
Cumberlandcity,Allegany ,MD
CottageGrovecity,Dakota ,MN
Berkeleycity,St. Louis ,MO
Kingstoncity,Ulster ,NY
Denvercity,Denver ,CO
GalenaParkcity,Harris ,TX
Leicestertown,Worcester ,MA
Moorecity,Cleveland ,OK
Alamedacity,Alameda ,CA
BeaverDamcity,Dodge ,WI
Wallingfordtown,New Haven ,CT
Fairfieldcity,Butler ,OH
Millbraecity,San Mateo ,CA
BossierCitycity,Bossier Parish,LA
Brainerdcity,Crow Wing ,MN
Lancastercity,Lancaster ,PA
LakeCharlescity,Calcasieu Parish,LA
Ashlandtown,Middlesex ,MA
Richlandtownship,Cambria ,PA
Arcadiacity,Los Angeles ,CA
Miltontown,Norfolk ,MA
Wilsoncity,Wilson ,NC
HighlandParkcity,Lake ,IL
Indiocity,Los Angeles ,CA
Frederickcity,Frederick ,MD
MercerIslandcity,King ,WA
ForestParkcity,Hamilton ,OH
Logancity,Cache ,UT
RockvilleCentrevillage,Nassau ,NY
Mankatocity,Blue Earth ,MN
NewportNewscity,Newport News City,VA
AlexanderCitycity,Tallapoosa ,AL
Cranfordtownship,Union ,NJ
Banningcity,Riverside ,CA
LosBanoscity,Merced ,CA
Glasgowcity,Barren ,KY
Laurinburgcity,Scotland ,NC
Portalescity,Roosevelt ,NM
Romuluscity,Wayne ,MI
Beniciacity,Solano ,CA
Medfordtownship,Burlington ,NJ
MineralWellscity,Palo Pinto ,TX
Alhambracity,Los Angeles ,CA
NewAlbanycity,Floyd ,IN
Annapoliscity,Anne Arundel ,MD
Whitewatercity,Walworth ,WI
Greercity,Greenville ,SC
Millburntownship,Essex ,NJ
Warwickcity,Kent ,RI
Pepperelltown,Middlesex ,MA
EastBrunswicktownship,Middlesex ,NJ
FortSmithcity,Sebastian ,AR
Bostoncity,Suffolk ,MA
SouthMilwaukeecity,Milwaukee ,WI
Glastonburytown,Hartford ,CT
Midvalecity,Salt Lake ,UT
Bloomingtoncity,Monroe ,IN
MountainViewcity,Santa Clara ,CA
Allencity,Collin ,TX
Madisoncity,Dane ,WI
Athenscity,Henderson ,TX
LincolnParkcity,Wayne ,MI
Somersworthcity,Strafford ,NH
Ypsilanticity,Washtenaw ,MI
HazelCrestvillage,Cook ,IL
Braintreetown,Norfolk ,MA
Dovercity,Tuscarawas ,OH
CollegeParkcity,Fulton ,GA
Elizabethcity,Union ,NJ
Smyrnatown,Rutherford ,TN
Clarksvillecity,Montgomery ,TN
Ramseycity,Anoka ,MN
Patersoncity,Passaic ,NJ
Dovercity,Kent ,DE
Ankenycity,Polk ,IA
SomersPointcity,Atlantic ,NJ
Orindacity,Contra Costa ,CA
Sheffieldcity,Colbert ,AL
Fontanacity,San Bernardino ,CA
Sunnysidecity,Yakima ,WA
SpanishForkcity,Utah ,UT
AuburnHillscity,Oakland ,MI
Douglascity,Coffee ,GA
Germantownvillage,Washington ,WI
Irmotown,Lexington ,SC
Mitchellcity,Davison ,SD
AppleValleycity,Dakota ,MN
Roseburgcity,Douglas ,OR
Crestwoodcity,St. Louis ,MO
HasbrouckHeightsborough,Bergen ,NJ
LaGrandecity,Union ,OR
Kaukaunacity,Outagamie ,WI
Bellevuecity,King ,WA
RiverFallscity,Pierce ,WI
Milwaukiecity,Clackamas ,OR
Clemsoncity,Pickens ,SC
Marlboroughcity,Middlesex ,MA
Greenbeltcity,Prince George's ,MD
Stantoncity,Orange ,CA
Florencetownship,Burlington ,NJ
Harrisonburgcity,Harrisonburg City,VA
Trumbulltown,Fairfield ,CT
BatonRougecity,East Baton Rouge Parish,LA
RollingMeadowscity,Cook ,IL
Watertowncity,Codington ,SD
Springfieldcity,Robertson ,TN
Marquettecity,Marquette ,MI
Miamitownship,Montgomery ,OH
CentralFallscity,Providence ,RI
Reedleycity,Fresno ,CA
HotSpringscity,Garland ,AR
MapleShadetownship,Burlington ,NJ
Huntsvillecity,Walker ,TX
Vidorcity,Orange ,TX
Marshallcity,Lyon ,MN
Hobbscity,Lea ,NM
SanMarinocity,Marin ,CA
Auburncity,Androscoggin ,ME
Salemcity,Salem ,VA
FortMadisoncity,Lee ,IA
Inglewoodcity,Los Angeles ,CA
Crawfordsvillecity,Montgomery ,IN
Nilescity,Trumbull ,OH
SouthPasadenacity,Los Angeles ,CA
Kinstoncity,Lenoir ,NC
GreenBaycity,Brown ,WI
Ellensburgcity,Kittitas ,WA
Tulsacity,Tulsa ,OK
Piscatawaytownship,Middlesex ,NJ
Everettcity,Middlesex ,MA
Hudsontown,Middlesex ,MA
PortOrangecity,Volusia ,FL
Herndontown,Fairfax ,VA
Gillettecity,Campbell ,WY
Manchestercity,Hillsborough ,NH
BethelParkborough,Allegheny ,PA
Aberdeentown,Harford ,MD
Amesburytown,Essex ,MA
PoplarBluffcity,Butler ,MO
Uxbridgetown,Worcester ,MA
Westminstercity,Carroll ,MD
Northboroughtown,Worcester ,MA
Springdalecity,Hamilton ,OH
Garnertown,Wake ,NC
PalosVerdesEstatescity,Los Angeles ,CA
Williamsportcity,Lycoming ,PA
Poquosoncity,Poquoson City,VA
Muskegocity,Bayfield ,WI
Goldencity,Jefferson ,CO
Coppellcity,Dallas ,TX
GrossePointeWoodscity,Wayne ,MI
Pomonacity,Los Angeles ,CA
Manitowoccity,Manitowoc ,WI
Roswellcity,Chaves ,NM
GreenOaktownship,Oakland ,MI
Eastontown,Bristol ,MA
Hermistoncity,Umatilla ,OR
Carrborotown,Orange ,NC
ElkGroveVillagevillage,Cook ,IL
LittleRockcity,Pulaski ,AR
Thomasvillecity,Davidson ,GA
GrandJunctioncity,Mesa ,CO
Beltoncity,Bell ,TX
Gallupcity,McKinley ,NM
NiagaraFallscity,Niagara ,NY
Lakewoodtownship,Ocean ,NJ
Menashacity,Winnebago ,WI
BrownDeervillage,Milwaukee ,WI
NorthCharlestoncity,Charleston ,SC
NorthMiamicity,Miami-Dade ,FL
Waukeshacity,Waukesha ,WI
GroveCitycity,Franklin ,OH
Smithfieldtown,Providence ,RI
Bluefieldcity,Mercer ,WV
Tarborotown,Edgecombe ,NC
Pennsaukentownship,Camden ,NJ
Perrysburgcity,Wood ,OH
Cullmancity,Cullman ,AL
Veronatownship,Essex ,NJ
Fultoncity,Oswego ,NY
Jacksoncity,Hinds ,MS
Azusacity,Los Angeles ,CA
Barringtontown,Bristol ,RI
UpperChichestertownship,Delaware ,PA
Homewoodcity,Jefferson ,AL
Englewoodcity,Bergen ,NJ
Daytoncity,Montgomery ,OH
SanLeandrocity,Alameda ,CA
Simpsonvilletown,Greenville ,SC
Tooelecity,Tooele ,UT
CanonCitycity,Fremont ,CO
Summervilletown,Dorchester ,SC
WestWhitelandtownship,Chester ,PA
WhitePlainscity,Westchester ,NY
DelCitycity,Oklahoma ,OK
ElkRivercity,Sherburne ,MN
Ridgelandcity,Madison ,MS
Laurelcity,Prince George's ,MD
Collingswoodborough,Camden ,NJ
LosAltoscity,Santa Clara ,CA
Owassocity,Tulsa ,OK
Milpitascity,Santa Clara ,CA
Monroetown,Fairfield ,CT
Middletowntownship,Middlesex ,NJ
SanRafaelcity,Marin ,CA
ElPasocity,El Paso ,TX
Pembroketown,Plymouth ,MA
Wheelingcity,Ohio ,WV
Northbridgetown,Worcester ,MA
Moultriecity,Colquitt ,GA
ElRenocity,Garvin ,OK
Bergenfieldborough,Bergen ,NJ
SpringGardentownship,York ,PA
LomaLindacity,San Bernardino ,CA
Moscowcity,Latah ,ID
Hurstcity,Tarrant ,TX
TerreHautecity,Vigo ,IN
Brawleycity,Imperial ,CA
Oregoncity,Lucas ,OH
Freeportcity,Brazoria ,TX
Edwardsvillecity,Madison ,IL
Penntownship,Westmoreland ,PA
LowerMorelandtownship,Montgomery ,PA
Manheimtownship,Lancaster ,PA
SanBernardinocity,San Bernardino ,CA
WestHollywoodcity,Los Angeles ,CA
Rochestercity,Monroe ,NY
Normancity,Cleveland ,OK
TheColonycity,Denton ,TX
Gladstonecity,Clackamas ,OR
Lowellcity,Middlesex ,MA
LaPortecity,Harris ,TX
Victoriacity,Victoria ,TX
Gainesvillecity,Hall ,GA
Yarmouthtown,Barnstable ,MA
Soloncity,Cuyahoga ,OH
Davenportcity,Scott ,IA
Raleighcity,Wake ,NC
Rexburgcity,Madison ,ID
Camdencity,Camden ,NJ
Cranberrytownship,Butler ,PA
ElMontecity,Los Angeles ,CA
Hudsontown,Hillsborough ,NH
Austincity,Travis ,TX
OldBridgetownship,Middlesex ,NJ
Hannibalcity,Marion ,MO
Worcestercity,Worcester ,MA
Greenwoodcity,Greenwood ,SC
Snydercity,Scurry ,TX
TarponSpringscity,Pinellas ,FL
Keizercity,Marion ,OR
LincolnParkborough,Morris ,NJ
Lackawannacity,Erie ,NY
Englewoodcity,Montgomery ,OH
Roanokecity,Roanoke City,VA
KansasCitycity,Jackson ,MO
Florencecity,Lauderdale ,AL
Cortlandcity,Cortland ,NY
Norwalkcity,Los Angeles ,CA
Yonkerscity,Westchester ,NY
BocaRatoncity,Palm Beach ,FL
Hamburgtownship,Livingston ,MI
Northfieldcity,Dakota ,MN
ThousandOakscity,Ventura ,CA
Rosevillecity,Ramsey ,MN
Brunswickcity,Glynn ,GA
Goldsborocity,Wayne ,NC
SanJosecity,Santa Clara ,CA
Oneontacity,Otsego ,NY
Folsomcity,Sacramento ,CA
LongBeachcity,Nassau ,NY
Farmingtoncity,San Juan ,NM
Tredyffrintownship,Chester ,PA
Shelbyvillecity,Bedford ,TN
Maywoodcity,Los Angeles ,CA
Webstertown,Worcester ,MA
Tiffincity,Seneca ,OH
Hanovertownship,Morris ,NJ
Colchestertown,Chittenden ,VT
Spartanburgcity,Spartanburg ,SC
Goffstowntown,Hillsborough ,NH
Austincity,Mower ,MN
Hanfordcity,Kings ,CA
Charlottecity,Mecklenburg ,NC
Anacortescity,Skagit ,WA
Concordcity,Cabarrus ,NC
Chattanoogacity,Hamilton ,TN
MillValleycity,Marin ,CA
SugarLandcity,Fort Bend ,TX
Portlandcity,San Patricio ,TX
Fallstownship,Bucks ,PA
Peterstownship,Somerset ,PA
Huntingtoncity,Huntington ,IN
Gaffneycity,Cherokee ,SC
DesMoinescity,King ,WA
Radfordcity,Montgomery ,VA
Bristoltown,Bristol ,RI
Ridgewoodvillage,Bergen ,NJ
Enniscity,Ellis ,TX
Wauwatosacity,Milwaukee ,WI
HarperWoodscity,Wayne ,MI
Ardmorecity,Carter ,OK
NewOrleanscity,Orleans Parish,LA
Prichardcity,Mobile ,AL
MontereyParkcity,Los Angeles ,CA
Downeycity,Los Angeles ,CA
Hopewellcity,Hopewell City,VA
Wakefieldtown,Middlesex ,MA
Edmondcity,Oklahoma ,OK
Waynecity,Wayne ,MI
Weymouthtown,Norfolk ,MA
Mobilecity,Mobile ,AL
Andovercity,Anoka ,MN
Gadsdencity,Etowah ,AL
Rutlandcity,Rutland ,VT
Appletoncity,Outagamie ,WI
Portagecity,Kalamazoo ,MI
Terrellcity,Kaufman ,TX
Kerrvillecity,Kerr ,TX
Barnegattownship,Ocean ,NJ
Columbiacity,Richland ,SC
Cloviscity,Fresno ,CA
Owossocity,Shiawassee ,MI
NewSmyrnaBeachcity,Volusia ,FL
Danburytown,Fairfield ,CT
Lexingtoncity,Davidson ,NC
Mundytownship,Genesee ,MI
Columbuscity,Franklin ,OH
Haverhillcity,Essex ,MA
Commercecity,Los Angeles ,CA
Alpenacity,Alpena ,MI
Elizabethtowncity,Hardin ,KY
Oxnardcity,Ventura ,CA
Bellefontainecity,Logan ,OH
Winchestercity,Winchester City,VA
RichmondHeightscity,St. Louis ,MO
DanaPointcity,Orange ,CA
Houstoncity,Harris ,TX
Danverstown,Essex ,MA
Greenwoodcity,Leflore ,MS
ClevelandHeightscity,Cuyahoga ,OH
Cambridgecity,Middlesex ,MA
Dunkirkcity,Chautauqua ,NY
NorthHuntingdontownship,Westmoreland ,PA
NewBritaintown,Hartford ,CT
Springvillecity,Utah ,UT
Athenscity,Athens ,OH
VestaviaHillscity,Jefferson ,AL
Hilltowntownship,Butler ,PA
Baltimorecity,Baltimore City,MD
ElCerritocity,Contra Costa ,CA
Watertowncity,Jefferson ,WI
Elgincity,Kane ,IL
McAllencity,Hidalgo ,TX
Olympiacity,Thurston ,WA
Fairfieldtown,Fairfield ,CT
Ringwoodborough,Passaic ,NJ
NorthLauderdalecity,Broward ,FL
NewBraunfelscity,Comal ,TX
YorbaLindacity,Orange ,CA
Bloomfieldtownship,Essex ,NJ
LauderdaleLakescity,Broward ,FL
Winonacity,Winona ,MN
HoffmanEstatesvillage,Cook ,IL
GooseCreekcity,Berkeley ,SC
Medfordcity,Jackson ,OR
PinellasParkcity,Pinellas ,FL
Bethanycity,Oklahoma ,OK
Mustangcity,Canadian ,OK
Secaucustown,Hudson ,NJ
Comptoncity,Los Angeles ,CA
Salisburycity,Rowan ,NC
Lawrencecity,Marion ,IN
Trentoncity,Wayne ,MI
Salisburycity,Wicomico ,MD
LakeCitycity,Columbia ,FL
CapeGirardeaucity,Cape Girardeau ,MO
McMinnvillecity,Yamhill ,TN
OakHarborcity,Island ,WA
Cinnaminsontownship,Burlington ,NJ
Lakewoodcity,Los Angeles ,CA
GrossePointeFarmscity,Wayne ,MI
TwoRiverscity,Manitowoc ,WI
Claytoncity,St. Louis ,MO
Romecity,Floyd ,GA
Altoonacity,Blair ,PA
Atascaderocity,San Luis Obispo ,CA
VadnaisHeightscity,Ramsey ,MN
MountClemenscity,Macomb ,MI
Burlesoncity,Johnson ,TX
Hoovercity,Jefferson ,AL
Lawrencetownship,Mercer ,NJ
Readingtown,Middlesex ,MA
Brigantinecity,Atlantic ,NJ
Dracuttown,Middlesex ,MA
Brenhamcity,Washington ,TX
Woonsocketcity,Providence ,RI
Pinolecity,Contra Costa ,CA
HighlandParkborough,Middlesex ,NJ
Cleburnecity,Johnson ,TX
Memphiscity,Shelby ,TN
Middletowntown,Newport ,RI
Durantcity,Bryan ,OK
Stillwatercity,Payne ,OK
HermosaBeachcity,Los Angeles ,CA
Reidsvillecity,Rockingham ,NC
Grandvillecity,Kent ,MI
CoosBaycity,Coos ,OR
Peoriacity,Maricopa ,AZ
LaPortecity,LaPorte ,IN
Strongsvillecity,Cuyahoga ,OH
Ipswichtown,Essex ,MA
Lansingcity,Ingham ,MI
Randolphtown,Norfolk ,MA
PortArthurcity,Jefferson ,TX
Tuskegeecity,Macon ,AL
Roswellcity,Fulton ,GA
Conneautcity,Ashtabula ,OH
Naplescity,Collier ,FL
WiltonManorscity,Broward ,FL
Homesteadcity,Miami-Dade ,FL
Ridgecrestcity,Kern ,CA
Westminstercity,Adams ,CO
Pharrcity,Hidalgo ,TX
McAlestercity,Pittsburg ,OK
Fairmontcity,Martin ,MN
Riverviewcity,Wayne ,MI
SantaMariacity,Santa Barbara ,CA
Independencecity,Jackson ,MO
Morgantoncity,Burke ,NC
Sylvaniatownship,Lucas ,OH
GroverCitycity,San Luis Obispo ,CA
Lewistoncity,Nez Perce ,ID
Delrantownship,Burlington ,NJ
JeffersonCitycity,Cole ,MO
Jacksoncity,Jackson ,MI
Libertytownship,Butler ,OH
Whittiercity,Los Angeles ,CA
Medfieldtown,Norfolk ,MA
MuskegonHeightscity,Muskegon ,MI
Auburncity,Placer ,CA
Irvinecity,Orange ,CA
Watervillecity,Kennebec ,ME
PerthAmboycity,Middlesex ,NJ
Neenahcity,Winnebago ,WI
SimiValleycity,Ventura ,CA
BuffaloGrovevillage,Cook ,IL
Ballwincity,St. Louis ,MO
Pittsfieldcity,Berkshire ,MA
MountHollytownship,Burlington ,NJ
Hillsidetownship,Union ,NJ
Sylvaniacity,Lucas ,OH
NorthArlingtonborough,Bergen ,NJ
Kearnytown,Hudson ,NJ
Summitcity,Union ,NJ
PeachtreeCitycity,Fayette ,GA
Gloucestertownship,Camden ,NJ
Bryancity,Brazos ,TX
Tahlequahcity,Cherokee ,OK
LaCanadaFlintridgecity,Los Angeles ,CA
Maplewoodtownship,Essex ,NJ
PoncaCitycity,Kay ,OK
Graftontown,Worcester ,MA
Dublincity,Laurens ,GA
Belmonttown,Middlesex ,MA
Cumberlandtown,Providence ,RI
DesMoinescity,Polk ,IA
Fairborncity,Greene ,OH
Southfieldcity,Oakland ,MI
Seymourtown,New Haven ,CT
WestHartfordtown,Hartford ,CT
NewBrightoncity,Ramsey ,MN
Sheridancity,Sheridan ,WY
Crystalcity,Hennepin ,MN
Hesperiacity,San Bernardino ,CA
Laramiecity,Albany ,WY
Eustiscity,Lake ,FL
Readingcity,Hamilton ,OH
Shakopeecity,Scott ,MN
Hartsellecity,Morgan ,AL
Edencity,Rockingham ,NC
LaHabracity,Orange ,CA
Adacity,Stephens ,OK
Oaklandborough,Bergen ,NJ
Portervillecity,Tulare ,CA
Pasadenacity,Los Angeles ,CA
NewCastlecity,Lawrence ,PA
Northportcity,Tuscaloosa ,AL
WestManchestertownship,York ,PA
BeaverFallscity,Beaver ,PA
Fultoncity,Callaway ,MO
DeLandcity,Volusia ,FL
Covingtoncity,Kenton ,KY
Brookingscity,Brookings ,SD
SandSpringscity,Tulsa ,OK
IdahoFallscity,Bonneville ,ID
Mesacity,Maricopa ,AZ
Westboroughtown,Worcester ,MA
Bridgeporttownship,Saginaw ,MI
Woodhavencity,Wayne ,MI
ApacheJunctioncity,Pinal ,AZ
SouthSanFranciscodivision,San Mateo ,CA
Maynardtown,Middlesex ,MA
Lumbertoncity,Robeson ,NC
WebsterGrovescity,St. Louis ,MO
Hamptoncity,Hampton City,VA
Newtoncity,Jasper ,IA
Alexandriacity,Rapides Parish,LA
Taylorcity,Wayne ,MI
Moundsvillecity,Marshall ,WV
Anchoragecity,Anchorage Municipality,AK
Irvingcity,Dallas ,TX
SaratogaSpringscity,Saratoga ,NY
Bedfordtown,Hillsborough ,NH
Muskogeecity,Muskogee ,OK
Jacksontownship,Stark ,OH
Texarkanacity,"Miller  (AR), Bowie  (TX)","AR, TX"
CedarGrovetownship,Ocean ,NJ
Germantowncity,Shelby ,TN
PanamaCitycity,Bay ,FL
AtlanticCitycity,Atlantic ,NJ
Tustincity,Orange ,CA
Atwatercity,Merced ,CA
Lansdowneborough,Delaware ,PA
EastLampetertownship,Lancaster ,PA
BayCitycity,Bay ,MI
KlamathFallscity,Klamath ,OR
NorthSmithfieldtown,Providence ,RI
Salemtown,Rockingham ,NH
Woodburncity,Marion ,OR
NationalCitycity,San Diego ,CA
Clintontown,Middlesex ,CT
AmericanForkcity,Utah ,UT
Livermorecity,Alameda ,CA
Franklincity,Warren ,OH
Somersettown,Hampden ,MA
Hemetcity,Riverside ,CA
Murfreesborocity,Rutherford ,TN
Evanstoncity,Cook ,IL
RiverRougecity,Wayne ,MI
Atholtown,Worcester ,MA
Littletoncity,Arapahoe ,CO
Homewoodvillage,Cook ,IL
Jacksontownship,Ocean ,NJ
HarkerHeightscity,Bell ,TX
Tullahomacity,Coffee ,TN
Belmontcity,San Mateo ,CA
Waynetownship,Passaic ,NJ
Fairfieldcity,Solano ,CA
Covingtoncity,Newton ,GA
Tivertontown,Newport ,RI
Stowcity,Summit ,OH
Hackensackcity,Bergen ,NJ
Pearlandcity,Brazoria ,TX
Montgomerytownship,Montgomery ,PA
Kannapoliscity,Cabarrus ,NC
Fresnocity,Fresno ,CA
Brownsvillecity,Cameron ,TX
SulphurSpringscity,Hopkins ,TX
Fullertoncity,Orange ,CA
Centraliacity,Lewis ,WA
NorthHaventown,New Haven ,CT
Allentowncity,Lehigh ,PA
PointPleasantborough,Ocean ,NJ
Warrentownship,Somerset ,NJ
Asheborocity,Randolph ,NC
Clarksburgcity,Harrison ,WV
Walnutcity,Los Angeles ,CA
Garycity,Lake ,IN
Hammondcity,Lake ,IN
Dennistown,Worcester ,MA
NorthCantoncity,Stark ,OH
McMinnvillecity,Yamhill ,OR
FortPiercecity,St. Lucie ,FL
MasonCitycity,Cerro Gordo ,IA
Peabodycity,Essex ,MA
Benbrookcity,Tarrant ,TX
Brownwoodcity,Brown ,TX
Lebanoncity,Lebanon ,PA
SouthHoustoncity,Harris ,TX
Kingsvillecity,Kleberg ,TX
Kentwoodcity,Kent ,MI
Butlercity,Butler ,PA
Laceytownship,Ocean ,NJ
Ansoniatown,New Haven ,CT
EastGreenwichtown,Kent ,RI
Sharonvillecity,Hamilton ,OH
Greenvillecity,Darke ,OH
Tempecity,Maricopa ,AZ
Sanfordcity,Lee ,NC
Williamsburgcity,James City ,VA
Wickliffecity,Lake ,OH
Smyrnacity,Cobb ,GA
CrownPointcity,Lake ,IN
Hanahancity,Berkeley ,SC
Haverfordtownship,Delaware ,PA
LongBranchcity,Monmouth ,NJ
Humblecity,Harris ,TX
Suffieldtown,Hartford ,CT
Bettendorfcity,Scott ,IA
LaCrossecity,La Crosse ,WI
Hobartcity,Lake ,IN
Albemarlecity,Stanly ,NC
RoyalOakcity,Oakland ,MI
Newportcity,Campbell ,KY
DeerfieldBeachcity,Broward ,FL
Christiansburgtown,Montgomery ,VA
VeroBeachcity,Indian River ,FL
WestPatersonborough,Passaic ,NJ
Sherwoodcity,Pulaski ,AR
Shoreviewcity,Ramsey ,MN
Louisvillecity,Jefferson ,KY
Needhamtown,Norfolk ,MA
Jacksonvillecity,Cherokee ,TX
Limacity,Allen ,OH
Charlestoncity,Charleston ,SC
Westporttown,Fairfield ,CT
Portlandcity,Cumberland ,ME
Bucyruscity,Crawford ,OH
Owensborocity,Daviess ,KY
Broomfieldcity,Broomfield ,CO
Dovertown,Morris ,NJ
Ashlandcity,Ashland ,OH
FergusFallscity,Otter Tail ,MN
ForestGrovecity,Washington ,OR
Durhamcity,Durham ,NC
Wiltontown,Fairfield ,CT
Mantuatownship,Gloucester ,NJ
MountPleasantcity,Titus ,TX
MorganHillcity,Santa Clara ,CA
AppleValleytown,San Bernardino ,CA
CasaGrandecity,Pinal ,AZ
Aberdeencity,Brown ,SD
Farmingtontown,Hartford ,CT
Eveshamtownship,Burlington ,NJ
Ashwaubenonvillage,Brown ,WI
SouthKingstowntown,Washington ,RI
Stamfordtown,Fairfield ,CT
Masoncity,Warren ,OH
Kennewickcity,Benton ,WA
MoundsViewcity,Ramsey ,MN
Haddonfieldborough,Camden ,NJ
Robbinsdalecity,Hennepin ,MN
Norwalktown,Fairfield ,CT
Cincinnaticity,Hamilton ,OH
Bridgewatertown,Plymouth ,MA
Lockportcity,Niagara ,NY
Kalamazootownship,Kalamazoo ,MI
Paducahcity,McCracken ,KY
WindsorLockstown,Hartford ,CT
LasVegascity,Clark ,NV
Belchertowntown,Hampshire ,MA
Corcorancity,Kings ,CA
RoselleParkborough,Union ,NJ
Bedfordtown,Middlesex ,MA
Maconcity,Bibb ,GA
EastHamptontown,Middlesex ,CT
BrooklynCentercity,Hennepin ,MN
Blythevillecity,Mississippi ,AR
Uvaldecity,Uvalde ,TX
CathedralCitycity,Riverside ,CA
NorthOgdencity,Weber ,UT
Mariettacity,Cobb ,GA
Lowertownship,Cape May ,NJ
Morristowntown,Morris ,NJ
Chillicothecity,Ross ,OH
Vincennescity,Knox ,IN
Demingcity,Luna ,NM
Waterfordtownship,Camden ,NJ
Chelmsfordtown,Middlesex ,MA
Wilmingtoncity,New Hanover ,NC
Lubbockcity,Lubbock ,TX
Vinelandcity,Cumberland ,NJ
Brocktoncity,Plymouth ,MA
Dovertownship,Ocean ,NJ
Dunedincity,Pinellas ,FL
Novatocity,Marin ,CA
Delhitownship,Delaware ,OH
Orlandocity,Orange ,FL
Cerritoscity,Los Angeles ,CA
Hillsboroughtownship,Somerset ,NJ
Cartersvillecity,Bartow ,GA
CliffsideParkborough,Bergen ,NJ
Miamicity,Ottawa ,OK
Oronotown,Penobscot ,ME
Palatinevillage,Cook ,IL
Largocity,Pinellas ,FL
DearbornHeightscity,Wayne ,MI
Schenectadycity,Schenectady ,NY
Schaumburgvillage,Cook ,IL
Piedmontcity,Alameda ,CA
Hattiesburgcity,Forrest ,MS
Longmeadowtown,Hampden ,MA
Oaklandcity,Alameda ,CA
FairLawnborough,Bergen ,NJ
LowerPaxtontownship,Dauphin ,PA
Bangorcity,Penobscot ,ME
ParkRidgecity,Cook ,IL
FarmersBranchcity,Dallas ,TX
Montvilletownship,Morris ,NJ
Towamencintownship,Montgomery ,PA
Shelbytownship,Macomb ,MI
DaytonaBeachcity,Volusia ,FL
SouthHadleytown,Hampshire ,MA
Springdalecity,Washington ,AR
Mercedescity,Hidalgo ,TX
Uticacity,Oneida ,NY
CedarHillcity,Dallas ,TX
TexasCitycity,Galveston ,TX
WestCovinacity,Los Angeles ,CA
Pleasantoncity,Alameda ,CA
EastGrandRapidscity,Kent ,MI
Norwalkcity,Huron ,OH
Hamiltoncity,Butler ,OH
Harwichtown,Barnstable ,MA
Jeffersontowncity,Jefferson ,KY
Bainbridgecity,Decatur ,GA
MenloParkcity,San Mateo ,CA
Flagstaffcity,Coconino ,AZ
Kilgorecity,Gregg ,TX
Glassboroborough,Gloucester ,NJ
SanJuancity,Hidalgo ,TX
Swampscotttown,Essex ,MA
LosGatostown,Santa Clara ,CA
CreveCoeurcity,St. Louis ,MO
Denisoncity,Grayson ,TX
Bakersfieldcity,Kern ,CA
TheVillagecity,Oklahoma ,OK
Albanycity,Albany ,NY
Newarkcity,Essex ,NJ
EastOrangecity,Essex ,NJ
Ogdencity,Weber ,UT
Petersburgcity,Petersburg city,VA
Baytowncity,Harris ,TX
Eugenecity,Lane ,OR
Providencecity,Providence ,RI
NorthLittleRockcity,Pulaski ,AR
Metuchenborough,Middlesex ,NJ
Warrentown,Washington ,RI
Kentcity,Portage ,OH
Cypresscity,Orange ,CA
Yukoncity,Canadian ,OK
Lislevillage,DuPage ,IL
ChapelHilltown,Orange ,NC
Bedfordcity,Lawrence ,IN
Mauldincity,Greenville ,SC
Kentcity,King ,WA
Waynesborocity,Waynesboro city,VA
Westfieldcity,Hampden ,MA
Bountifulcity,Davis ,UT
Cadillaccity,Wexford ,MI
Arlingtontown,Middlesex ,MA
PaloAltocity,Santa Clara ,CA
Spartatownship,Sussex ,NJ
Stratfordtown,Fairfield ,CT
DeerParkcity,Harris ,TX
ArlingtonHeightsvillage,Cook ,IL
Hazelwoodcity,St. Louis ,MO
NewHopecity,Hennepin ,MN
Newberrytownship,York ,PA
SouthElMontecity,Los Angeles ,CA
Stephenvillecity,Erath ,TX
Cudahycity,Los Angeles ,CA
Lincolntownship,Macomb ,MI
Albanycity,Alameda ,CA
Ewingtownship,Mercer ,NJ
FortThomascity,Campbell ,KY
LaMiradacity,Los Angeles ,CA
Swataratownship,Dauphin ,PA
Totowaborough,Passaic ,NJ
WestCaldwelltownship,Essex ,NJ
Coventrytown,Kent ,RI
CalumetCitycity,Cook ,IL
Troycity,Oakland ,MI
Danvillecity,Contra Costa ,CA
Waycrosscity,Ware ,GA
Centervillecity,Montgomery ,OH
Rostravertownship,Washington ,PA
Ryecity,Westchester ,NY
Lyndhursttownship,Bergen ,NJ
Somervillecity,Middlesex ,MA
Sheltontown,Fairfield ,CT
NorthBergentownship,Bergen ,NJ
Columbuscity,Muscogee ,GA
MortonGrovevillage,Cook ,IL
TwinFallscity,Twin Falls ,ID
Minnetonkacity,Hennepin ,MN
EastProvidencecity,Providence ,RI
Cohoescity,Albany ,NY
GlensFallscity,Warren ,NY
Dyersburgcity,Dyer ,TN
Cromwelltown,Middlesex ,CT
Bloomfieldtownship,Oakland ,MI
Cranstoncity,Providence ,RI
Marshallcity,Harrison ,TX
CoralGablescity,Miami-Dade ,FL
Hagerstowncity,Washington ,MD
Vernontown,Tolland ,CT
Killeencity,Bell ,TX
Morgantowncity,Monongalia ,WV
Athenscity,McMinn ,TN
Clintontownship,Macomb ,MI
Hamdentown,New Haven ,CT
Friendswoodcity,Galveston ,TX
SanGabrielcity,Los Angeles ,CA
SanLuisObispocity,San Luis Obispo ,CA
Bedfordcity,Tarrant ,TX
Lakevillecity,Dakota ,MN
Marshfieldcity,Wood ,WI
BigRapidscity,Mecosta ,MI
Grovescity,Jefferson ,TX
Longviewcity,Gregg ,TX
Norfolkcity,Norfolk city,VA
Birminghamcity,Jefferson ,AL
McCombcity,Pike ,MS
RoundRockcity,Williamson ,TX
Bridgeporttown,Fairfield ,CT
Onalaskacity,La Crosse ,WI
Northvilletownship,Wayne ,MI
Lincolnwoodvillage,Cook ,IL
Lawrencevillecity,Gwinnett ,GA
SouthBurlingtoncity,Chittenden ,VT
Indianolacity,Warren ,IA
MountPleasanttown,Charleston ,SC
AlbertLeacity,Freeborn ,MN
Hendersoncity,Rusk ,TX
LakeWorthcity,Palm Beach ,FL
Bethlehemtownship,Northampton ,PA
MichiganCitycity,LaPorte ,IN
Kenoshacity,Kenosha ,WI
WestWindsortownship,Mercer ,NJ
SantaBarbaracity,Santa Barbara ,CA
Harveycity,Cook ,IL
Danvillecity,Danville city,VA
Logansportcity,Cass ,IN
Moorparkcity,Ventura ,CA
RedBankcity,Hamilton ,TN
Augustacity,Richmond ,GA
Bartletttown,Shelby ,TN
Goshentown,Orange ,NY
WestOrangetownship,Essex ,NJ
Redmondcity,King ,WA
Madisonborough,Morris ,NJ
Brooklinetown,Norfolk ,MA
Scituatetown,Plymouth ,MA
LaGrangecity,Troup ,GA
BellGardenscity,Los Angeles ,CA
Lufkincity,Angelina ,TX
EastWindsortownship,Mercer ,NJ
Hutchinsoncity,McLeod ,MN
Bothellcity,King ,WA
Kirkwoodcity,St. Louis ,MO
FountainValleycity,Orange ,CA
Franklincity,Williamson ,TN
Martinsburgcity,Berkeley ,WV
Bartowcity,Polk ,FL
Kingstonborough,Luzerne ,PA
Tiftoncity,Tift ,GA
Gilroycity,Santa Clara ,CA
Bristolborough,Bucks ,PA
Margatecity,Broward ,FL
Muskegoncity,Muskegon ,MI
Caldwellcity,Canyon ,ID
FortLeeborough,Bergen ,NJ
Summittownship,Jackson ,MI
NorthRichlandHillscity,Tarrant ,TX
Wataugacity,Tarrant ,TX
Gloucestercity,Essex ,MA
FortWaynecity,Allen ,IN
PriorLakecity,Scott ,MN
Claremontcity,Los Angeles ,CA
Brooklyncity,Cuyahoga ,OH
Murraycity,Salt Lake ,UT
Jacksonvillecity,Pulaski ,AR
Torringtontown,Litchfield ,CT
OceanSpringscity,Jackson ,MS
BrokenArrowcity,Tulsa ,OK
MountMorristownship,Morris ,MI
Cantoncity,Stark ,OH
Amherstcity,Lorain ,OH
SierraMadrecity,Los Angeles ,CA
Kennercity,Jefferson Parish,LA
Bouldercity,Boulder ,CO
MiamiSpringscity,Miami-Dade ,FL
UpperAllentownship,Lehigh ,PA
Sangercity,Fresno ,CA
Enterprisecity,Coffee ,AL
Portagecity,Porter ,IN
PleasantHillcity,Contra Costa ,CA
Hinesvillecity,Liberty ,GA
Juneaucity,Juneau city and borough,AK
Pottsvillecity,Schuylkill ,PA
ElCentrocity,Imperial ,CA
Boonecity,Boone ,IA
Garlandcity,Dallas ,TX
Janesvillecity,Rock ,WI
WestGoshentownship,Westmoreland ,PA
Ashevillecity,Buncombe ,NC
Winchestercity,Clark ,KY
Angletoncity,Brazoria ,TX
Carmelcity,Hamilton ,IN
Pacificacity,San Mateo ,CA
Wyandottecity,Wayne ,MI
Wolcotttown,New Haven ,CT
BeechGrovecity,Madison ,IN
Huntingtoncity,Cabell ,WV
Bellevilletownship,Essex ,NJ
Georgetowncity,Scott ,KY
Youngstowncity,Mahoning ,OH
Cheyennecity,Laramie ,WY
SouthWindsortown,Hartford ,CT
Connersvillecity,Fayette ,IN
Spencercity,Clay ,IA
Phillipsburgtown,Warren ,NJ
GarfieldHeightscity,Cuyahoga ,OH
Lindenwoldborough,Camden ,NJ
Roselleborough,Union ,NJ
FrontRoyaltown,Warren ,VA
Minneapoliscity,Hennepin ,MN
Moorheadcity,Clay ,MN
WhitefishBayvillage,Milwaukee ,WI
Auburncity,Lee ,AL
Pleasantvillecity,Atlantic ,NJ
Columbiacity,Maury ,TN
Grahamcity,Alamance ,NC
Burlingtoncity,Chittenden ,VT
Lompoccity,Santa Barbara ,CA
Gardenacity,Los Angeles ,CA
SanRamoncity,Contra Costa ,CA
Monroecity,Ouachita Parish,LA
Cookevillecity,Putnam ,TN
Orangecity,Orange ,TX
Palmdalecity,Los Angeles ,CA
Bellcity,Los Angeles ,CA
Bridgetoncity,Cumberland ,NJ
LowerSalfordtownship,Montgomery ,PA
Oceansidecity,San Diego ,CA
ForrestCitycity,St. Francis ,AR
Shawneecity,Pottawatomie ,OK
Tracycity,San Joaquin ,CA
UniversityCitycity,St. Louis ,MO
Boonetown,Watauga ,NC
Lawrencecity,Essex ,MA
Middletowncity,Orange ,NY
Eulesscity,Tarrant ,TX
SanDiegocity,San Diego ,CA
Marshallcity,Saline ,MO
Logantownship,Clinton ,PA
Grandviewcity,Jackson ,MO
SanAntoniocity,Bexar ,TX
Chicagocity,Cook ,IL
GrandHavencity,Ottawa ,MI
Plainfieldtown,Windham ,CT
SantaRosacity,Sonoma ,CA
Placentiacity,Orange ,CA
Brookfieldcity,Waukesha ,WI
DeWitttownship,Clinton ,MI
LaMarquecity,Galveston ,TX
EastChicagocity,Lake ,IN
Texarkanacity,Bowie ,TX
BuenaParkcity,Orange ,CA
NorthMankatocity,Nicollet ,MN
PuntaGordacity,Charlotte ,FL
Oskaloosacity,Mahaska ,IA
EaglePasscity,Maverick ,TX
Richmondcity,Richmond city,VA
Uniontownship,Union ,NJ
Woodburycity,Washington ,MN
Westlandcity,Wayne ,MI
MountPleasanttown,Racine ,WI
PortNechescity,Jefferson ,TX
GoldenValleycity,Hennepin ,MN
SouthWhitehalltownship,Lehigh ,PA
Duartecity,Los Angeles ,CA
Canyoncity,Randall ,TX
WestColumbiacity,Lexington ,SC
Livingstontownship,Essex ,NJ
Warringtontownship,Bucks ,PA
PleasantGrovecity,Utah ,UT
BoulderCitycity,Clark ,NV
Syracusecity,Onondaga ,NY
Cupertinocity,Santa Clara ,CA
Turlockcity,Stanislaus ,CA
Passaiccity,Passaic ,NJ
FortAtkinsoncity,Jefferson ,WI
Concordcity,Contra Costa ,CA
Hartfordtown,Hartford ,CT
Cumrutownship,Chester ,PA
Danvillecity,Boyle ,KY
Auroracity,Arapahoe ,CO
Cheshiretown,New Haven ,CT
Birminghamcity,Oakland ,MI
WestHempfieldtownship,Westmoreland ,PA
NorthPalmBeachvillage,Palm Beach ,FL
TwentyninePalms-MorongoValle,San Bernardino ,CA
MountainBrookcity,Jefferson ,AL
Stuttgartcity,Arkansas ,AR
Conwaycity,Faulkner ,AR
HazelParkcity,Oakland ,MI
Waterburytown,New Haven ,CT
Westwoodborough,Bergen ,NJ
Caledoniatown,Racine ,WI
Watertowntown,New London ,CT
Aikencity,Aiken ,SC
Saralandcity,Mobile ,AL
Walltownship,Monmouth ,NJ
Rocklincity,Placer ,CA
Albanycity,Linn ,OR
Mentorcity,Lake ,OH
Millvillecity,Cumberland ,NJ
Tacomacity,Pierce ,WA
Hollistontown,Middlesex ,MA
Jonesborocity,Craighead ,AR
Lauderhillcity,Broward ,FL
Hampdentownship,Cumberland ,PA
Minotcity,Ward ,ND
Jaspercity,Walker ,AL
WestDesMoinescity,Polk ,IA
Somervilleborough,Somerset ,NJ
Willmarcity,Kandiyohi ,MN
Englewoodcity,Arapahoe ,CO
Edisontownship,Middlesex ,NJ
SouthDaytonacity,Volusia ,FL
Paramusborough,Bergen ,NJ
Sudburytown,Middlesex ,MA
Lovelandcity,Larimer ,CO
Brunswicktown,Cumberland ,ME
PresqueIslecity,Aroostook ,ME
Chanhassencity,Carver ,MN
SuisunCitycity,Solano ,CA
NorthProvidencetown,Providence ,RI
Carlisleborough,Cumberland ,PA
Bensalemtownship,Bucks ,PA
Haywardcity,Alameda ,CA
CedarFallscity,Black Hawk ,IA
SouthPlainfieldborough,Middlesex ,NJ
Wheelingvillage,Cook ,IL
Nanticokecity,Luzerne ,PA
Hopkinscity,Hennepin ,MN
SouthRiverborough,Middlesex ,NJ
Marlborotownship,Monmouth ,NJ
Poughkeepsiecity,Dutchess ,NY
HainesCitycity,Polk ,FL
SantaPaulacity,Ventura ,CA
Rentoncity,King ,WA
Portsmouthtown,Newport ,RI
ElizabethCitycity,Pasquotank ,NC
Walthamcity,Middlesex ,MA
Southingtontown,Hartford ,CT
Monroviacity,Los Angeles ,CA
WinterHavencity,Polk ,FL
EastPointcity,Fulton ,GA
Beaumontcity,Jefferson ,TX
Centervillecity,Davis ,UT
EastHartfordtown,Hartford ,CT
Jaspercity,Dubois ,IN
TintonFallsborough,Monmouth ,NJ
FortPaynecity,DeKalb ,AL
Palestinecity,Anderson ,TX
Noblesvillecity,Hamilton ,IN
Dixoncity,Solano ,CA
Marysvillecity,Yuba ,CA
WhiteBearLakecity,Ramsey ,MN
Wadsworthcity,Medina ,OH
Milwaukeecity,Milwaukee ,WI
Kissimmeecity,Osceola ,FL
Carthagecity,Jasper ,MO
Artesiacity,Eddy ,NM
ManhattanBeachcity,Los Angeles ,CA
Tamaraccity,Broward ,FL
Muskegontownship,Muskegon ,MI
Merrimacktown,Hillsborough ,NH
RoyalPalmBeachvillage,Palm Beach ,FL
Stauntoncity,Augusta ,VA
Rochestercity,Olmsted ,MN
Freeholdtownship,Monmouth ,NJ
Clawsoncity,Oakland ,MI
Marinettecity,Marinette ,WI
Fremontcity,Alameda ,CA
Carytown,Wake ,NC
MountPleasantcity,Isabella ,MI
Fairviewborough,Bergen ,NJ
SouthBrunswicktownship,Middlesex ,NJ
Trentoncity,Mercer ,NJ
PalmSpringscity,Riverside ,CA
Galesburgcity,Knox ,IL
Mantecacity,San Joaquin ,CA
MenomoneeFallsvillage,Waukesha ,WI
Cloquetcity,Carlton ,MN
Vermillioncity,Clay ,SD
Fairfieldcity,Jefferson ,AL
Westporttown,Bristol ,MA
Montclaircity,San Bernardino ,CA
Vandaliacity,Montgomery ,OH
Fillmorecity,Ventura ,CA
Bentonvillecity,Benton ,AR
WestSpringfieldtown,Hampden ,MA
Washingtoncity,District of Columbia,DC
Antiochcity,Contra Costa ,CA
Bismarckcity,Burleigh ,ND
Hopewelltownship,Mercer ,NJ
Miamisburgcity,Montgomery ,OH
Ozarkcity,Dale ,AL
WestJordancity,Salt Lake ,UT
Rahwaycity,Union ,NJ
RedBankborough,Monmouth ,NJ
Morristownship,Morris ,NJ
SanMateocity,San Mateo ,CA
Bedfordtownship,Monroe ,MI
Annistoncity,Calhoun ,AL
Leominstercity,Worcester ,MA
Easleycity,Pickens ,SC
GlenRockborough,Bergen ,NJ
Watertowntown,Middlesex ,MA
Freeholdborough,Monmouth ,NJ
Daviscity,Yolo ,CA
Darientown,Fairfield ,CT
Crowleycity,Acadia Parish,LA
Lynwoodcity,Los Angeles ,CA
Berkeleycity,Alameda ,CA
Cambridgecity,Dorchester ,MD
Atlantacity,Fulton ,GA
Blainecity,Anoka ,MN
Gilberttown,Maricopa ,AZ
Burlingtontownship,Burlington ,NJ
NewBedfordcity,Bristol ,MA
Perkinstownship,Delaware ,OH
Ontariocity,San Bernardino ,CA
Chandlercity,Maricopa ,AZ
Garfieldcity,Bergen ,NJ
Pampacity,Gray ,TX
Maldencity,Middlesex ,MA
Clearwatercity,Pinellas ,FL
Carrolltoncity,Carroll ,GA
Bartlesvillecity,Washington ,OK
Deptfordtownship,Gloucester ,NJ
Manchestertownship,Ocean ,NJ
Dyertown,Lake ,IN
SterlingHeightscity,Macomb ,MI
AllenParkcity,Wayne ,MI
Hamptontownship,Adams ,PA
Salemcity,Marion ,OR
Hazletoncity,Luzerne ,PA
Akroncity,Summit ,OH
Bayonnecity,Hudson ,NJ
Lynncity,Essex ,MA
Concordtown,Middlesex ,MA
Woodbridgetownship,Middlesex ,NJ
Bellflowercity,Los Angeles ,CA
Clarktownship,Union ,NJ
Weslacocity,Hidalgo ,TX
Streamwoodvillage,Cook ,IL
OakParkcity,Oakland ,MI
Aberdeentownship,Monmouth ,NJ
Gatesvillecity,Coryell ,TX
Sylacaugacity,Talladega ,AL
Lexingtontown,Middlesex ,MA
Richlandcity,Benton ,WA
Rosevillecity,Placer ,CA
PicoRiveracity,Los Angeles ,CA
Plainvilletown,Hartford ,CT
Moontownship,Allegheny ,PA
Laceycity,Thurston ,WA
Columbuscity,Lowndes ,MS
WhiteSettlementcity,Tarrant ,TX
Framinghamtown,Middlesex ,MA
Exetertown,Rockingham ,NH
ElSegundocity,Los Angeles ,CA
Nacogdochescity,Nacogdoches ,TX
Dentoncity,Denton ,TX
Claremorecity,Rogers ,OK
Odessacity,Ector ,TX
Taylorcity,Williamson ,TX
Orangecity,Orange ,CA
Portsmouthcity,Scioto ,OH
OregonCitycity,Clackamas ,OR
Washingtoncity,Franklin ,MO
Campbellcity,Santa Clara ,CA
Sedaliacity,Pettis ,MO
Astoriacity,Clatsop ,OR
Woodburycity,Gloucester ,NJ
Montereycity,Monterey ,CA
Orangeburgcity,Orangeburg ,SC
Beaconcity,Dutchess ,NY
Auroracity,Kane ,IL
Norwoodcity,Hamilton ,OH
Medfordcity,Middlesex ,MA
Bexleycity,Franklin ,OH
Maderacity,Madera ,CA
Hibbingcity,St. Louis ,MN
Nortontown,Bristol ,MA
Fridleycity,Anoka ,MN
Scarboroughtown,Cumberland ,ME
RanchoCucamongacity,San Bernardino ,CA
MachesneyParkvillage,Winnebago ,IL
Morristowncity,Hamblen ,TN
Adriancity,Lenawee ,MI
Dearborncity,Wayne ,MI
OilCitycity,Venango ,PA
Frasercity,Macomb ,MI
Tallmadgecity,Summit ,OH
Brownsvillecity,Haywood ,TN
Jacksonvillecity,Duval ,FL
Springtownship,Berks ,PA
Greenfieldcity,Hancock ,IN
Kellercity,Tarrant ,TX
Pascocity,Franklin ,WA
DalyCitycity,San Mateo ,CA
Fitchburgcity,Worcester ,MA
Selmacity,Fresno ,CA
NorthAndovertown,Essex ,MA
Hueytowncity,Jefferson ,AL
LaVernecity,Los Angeles ,CA
Tupelocity,Lee ,MS
ElkCitycity,Beckham ,OK
Carteretborough,Middlesex ,NJ
Lamesacity,Parmer ,TX
McKinneycity,Collin ,TX
Columbiaborough,Lancaster ,PA
Perrytownship,Stark ,OH
Northamptontownship,Northampton ,PA
BentonHarborcity,Berrien ,MI
Eufaulacity,Barbour ,AL
PortHuroncity,St. Clair ,MI
Carlsbadcity,San Diego ,CA
Napacity,Napa ,CA
Daltoncity,Whitfield ,GA
Beloitcity,Rock ,WI
Frankfortcity,Franklin ,KY
Norwichtown,New London ,CT
DiamondBarcity,Los Angeles ,CA
Evanstoncity,Uinta ,WY
JerseyCitycity,Hudson ,NJ
Marshalltowncity,Marshall ,IA
Maryvillecity,Blount ,TN
WinterParkcity,Orange ,FL
Conroecity,Montgomery ,TX
Sheboygancity,Sheboygan ,WI
Racinecity,Racine ,WI
Springfieldcity,Hampden ,MA
Reddingcity,Shasta ,CA
Templecity,Bell ,TX
UpperGwyneddtownship,Montgomery ,PA
Jamestowncity,Stutsman ,ND
Doylestowntownship,Bucks ,PA
Foxboroughtown,Norfolk ,MA
HighlandParkcity,Oakland ,MI
DesPlainescity,Cook ,IL
Nicholasvillecity,Jessamine ,KY
FortLauderdalecity,Broward ,FL
Jacksonvillecity,Calhoun ,AL
Brecksvillecity,Cuyahoga ,OH
Peekskillcity,Westchester ,NY
Radcliffcity,Hardin ,KY
Wilbrahamtown,Hampden ,MA
Schertzcity,Guadalupe ,TX
Northglenncity,Adams ,CO
Lynnwoodcity,Snohomish ,WA
NorthRidgevillecity,Lorain ,OH
Planocity,Collin ,TX
Kirklandcity,King ,WA
Saginawtownship,Saginaw ,MI
SouthMiamicity,Miami-Dade ,FL
WallaWallacity,Walla Walla ,WA
MountProspectvillage,Cook ,IL
BalchSpringscity,Dallas ,TX
Kingsportcity,Sullivan ,TN
Windsortown,Hartford ,CT
Marshfieldtown,Plymouth ,MA
Sanfordcity,Seminole ,FL
Rosenbergcity,Fort Bend ,TX
Camarillocity,Ventura ,CA
Chicocity,Butte ,CA
Vernontownship,Sussex ,NJ
RockyMountcity,Edgecombe ,NC
Jenningscity,Jefferson Parish,LA
Sanduskycity,Erie ,OH
Binghamtoncity,Broome ,NY
Ashlandcity,Boyd ,KY
Hazlettownship,Monmouth ,NJ
MidwestCitycity,Oklahoma ,OK
PhenixCitycity,Russell ,AL
WestMifflinborough,Allegheny ,PA
Johnstowncity,Cambria ,PA
Gainesvillecity,Cooke ,TX
PortAngelescity,Clallam ,WA
Modestocity,Stanislaus ,CA
Shivelycity,Jefferson ,KY
Plainstownship,Franklin ,PA
Galvestoncity,Galveston ,TX
Flinttownship,Genesee ,MI
Saratogacity,Santa Clara ,CA
Berkleycity,Oakland ,MI
VentnorCitycity,Atlantic ,NJ
Vacavillecity,Solano ,CA
Amescity,Story ,IA
SouthSaltLakecity,Salt Lake ,UT
Guilfordtown,New Haven ,CT
Saugustown,Essex ,MA
Alexandriacity,Alexandria City,VA
Caycecity,Lexington ,SC
Leesburgtown,Loudoun ,VA
Rowlettcity,Dallas ,TX
Nutleytownship,Essex ,NJ
Kelsocity,Cowlitz ,WA
Donnacity,Webb ,TX
Hollywoodcity,Broward ,FL
Pittsburghcity,Allegheny ,PA
Wethersfieldtown,Hartford ,CT
Florencecity,Boone ,KY
Whitehallborough,Lehigh ,PA
Cliftoncity,Passaic ,NJ
Plymouthtown,Plymouth ,MA
FortCollinscity,Larimer ,CO
Lincolntown,Providence ,RI
Rosemeadcity,Los Angeles ,CA
Ashlandcity,Jackson ,OR
MiamiShoresvillage,Miami-Dade ,FL
OaklandParkcity,Broward ,FL
NewCastlecity,Henry ,IN
Plainviewcity,Hale ,TX
Laconiacity,Merrimack ,NH
Franklintown,Norfolk ,MA
Wilkinsburgborough,Allegheny ,PA
Pecoscity,Reeves ,TX
BattleCreekcity,Calhoun ,MI
Clearfieldcity,Davis ,UT
PompanoBeachcity,Broward ,FL
Warwicktownship,Bucks ,PA
Westfordtown,Middlesex ,MA
WarrensvilleHeightscity,Cuyahoga ,OH
Alvincity,Brazoria ,TX
Everettcity,Snohomish ,WA
Beavertoncity,Washington ,OR
Wilmingtoncity,Clinton ,OH
Alabastercity,Shelby ,AL
Martinsvillecity,Morgan ,IN
PomptonLakesborough,Passaic ,NJ
Amarillocity,Potter ,TX
Bethlehemcity,Northampton ,PA
Coltoncity,San Bernardino ,CA
Middletowntownship,Delaware ,PA
Daphnecity,Baldwin ,AL
Chesterfieldtownship,Macomb ,MI
LowerMakefieldtownship,Bucks ,PA
GardenGrovecity,Orange ,CA
Bridgewatertownship,Somerset ,NJ
SanFernandocity,Los Angeles ,CA
Radnortownship,Delaware ,PA
Hendersoncity,Henderson ,KY
Alliancecity,Stark ,OH
Andovertown,Essex ,MA
Stocktoncity,San Joaquin ,CA
Windhamtown,Cumberland ,ME
Ferndalecity,Oakland ,MI
Ephrataborough,Lancaster ,PA
Albioncity,Calhoun ,MI
Bridgetoncity,St. Louis ,MO
Prescottcity,Yavapai ,AZ
Delanocity,Tulare ,CA
Athenscity,Limestone ,AL
OakCreekcity,Milwaukee ,WI
EastRidgecity,Hamilton ,TN
Livoniacity,Wayne ,MI
Eurekacity,Humboldt ,CA
Escondidocity,San Diego ,CA
CocoaBeachcity,Brevard ,FL
ArroyoGrandecity,San Luis Obispo ,CA
Shorewoodvillage,Milwaukee ,WI
Ocoeecity,Orange ,FL
SealBeachcity,Orange ,CA
Romecity,Oneida ,NY
Beckleycity,Raleigh ,WV
Anaheimcity,Orange ,CA
Greenburghtown,Westchester ,NY
LakeJacksoncity,Brazoria ,TX
Paramountcity,Los Angeles ,CA
Fairmontcity,Marion ,WV
Herefordcity,Deaf Smith ,TX
Edinacity,Hennepin ,MN
WestDeptfordtownship,Gloucester ,NJ
Gardnercity,Worcester ,MA
Scherervilletown,Lake ,IN
VanBurencity,Crawford ,AR
Piquacity,Miami ,OH
InverGroveHeightscity,Dakota ,MN
Coventrytown,Tolland ,CT
SanClementecity,Orange ,CA
Salemcity,Essex ,MA
Lakewoodcity,Jefferson ,CO
Miamicity,Miami-Dade ,FL
Manalapantownship,Monmouth ,NJ
Narragansetttown,Washington ,RI
Monroecity,Union ,NC
BayCitycity,Matagorda ,TX
Nederlandcity,Jefferson ,TX
Coatesvillecity,Chester ,PA
Fitchburgcity,Dane ,WI
Calntownship,Washington ,PA
Albuquerquecity,Bernalillo ,NM
PalmBeachGardenscity,Palm Beach ,FL
Milfordtown,Worcester ,MA
Arcatacity,Humboldt ,CA
UnionCitycity,Alameda ,CA
Opelikacity,Lee ,AL
Middletowntown,Middlesex ,CT
Dublincity,Franklin ,OH
Parsippany-TroyHillstownship,Morris ,NJ
RanchoPalosVerdescity,Los Angeles ,CA
Gulfportcity,Pinellas ,FL
Claremontcity,Sullivan ,NH
Vancouvercity,Clark ,WA
Plainfieldcity,Union ,NJ
Edgewatercity,Volusia ,FL
Sandwichtown,Barnstable ,MA
NewLondontown,New London ,CT
TempleCitycity,Los Angeles ,CA
Brandoncity,Rankin ,MS
Hamtramckcity,Wayne ,MI
Branchburgtownship,Somerset ,NJ
Durhamtown,Strafford ,NH
EastLongmeadowtown,Hampden ,MA
Middlesexborough,Middlesex ,NJ
Brentwoodborough,Allegheny ,PA
MissouriCitycity,Fort Bend ,TX
Newarkcity,Alameda ,CA
SouthCharlestoncity,Kanawha ,WV
Sunnyvalecity,Santa Clara ,CA
Ocalacity,Marion ,FL
Mahwahtownship,Bergen ,NJ
Scottsdalecity,Maricopa ,AZ
Pequannocktownship,Morris ,NJ
Midlandcity,Midland ,TX
Voorheestownship,Hunterdon ,NJ
Snellvillecity,Gwinnett ,GA
DelRiocity,Val Verde ,TX
SouthOgdencity,Weber ,UT
CedarCitycity,Iron ,UT
Augustacity,Kennebec ,ME
PacificGrovecity,San Joaquin ,CA
SanMarcoscity,Hays ,TX
Mansfieldcity,Tarrant ,TX
Newtowntown,Fairfield ,CT
Waxahachiecity,Ellis ,TX
LakeStationcity,Lake ,IN
RohnertParkcity,Sonoma ,CA
Bartlettvillage,DuPage ,IL
Auburncity,King ,WA
Lewisvillecity,Denton ,TX
Springfieldcity,Lane ,OR
Georgetowncity,Williamson ,TX
GardenCitycity,Wayne ,MI
Betheltown,Fairfield ,CT
Decaturcity,Morgan ,AL
NewBerncity,Craven ,NC
Huntsvillecity,Madison ,AL
Waterloocity,Black Hawk ,IA
Murraycity,Calloway ,KY
Melbournecity,Brevard ,FL
Maumeecity,Lucas ,OH
Watsonvillecity,Santa Cruz ,CA
FondduLaccity,Fond du Lac ,WI
WestBloomfieldtownship,Oakland ,MI
Tenaflyborough,Bergen ,NJ
Bloomfieldtown,Hartford ,CT
Bogalusacity,Washington Parish,LA
LiveOakcity,Bexar ,TX
ColoradoSpringsdivision,El Paso ,CO
Keansburgborough,Monmouth ,NJ
CollegeStationcity,Brazos ,TX
Westwoodtown,Norfolk ,MA
Plymouthtownship,Wayne ,MI
Havelockcity,Craven ,NC
Borgercity,Hutchinson ,TX
Chaskacity,Carver ,MN
Dunmoreborough,Lackawanna ,PA
Ecorsecity,Wayne ,MI
Dubuquecity,Dubuque ,IA
Woburncity,Middlesex ,MA
Cerescity,Stanislaus ,CA
CorpusChristicity,Nueces ,TX
Winnetkavillage,Cook ,IL
Waterfordtown,New London ,CT
Petalumacity,Sonoma ,CA
Westerlytown,Washington ,RI
OceanCitycity,Cape May ,NJ
Emmausborough,Lehigh ,PA
Anokacity,Anoka ,MN
Gainesvillecity,Alachua ,FL
Plantationcity,Broward ,FL
BaldwinParkcity,Los Angeles ,CA
Elkhartcity,Elkhart ,IN
Riversidecity,Riverside ,CA
Naugatucktown,New Haven ,CT
Pembertontownship,Burlington ,NJ
LittleFallstownship,Passaic ,NJ
Faribaultcity,Rice ,MN
Loraincity,Lorain ,OH
Mansfieldcity,Richland ,OH
Hurontownship,Wayne ,MI
WestNewYorktown,Hudson ,NJ
Fayettevillecity,Cumberland ,NC
ElmwoodParkborough,Bergen ,NJ
Stroudtownship,Monroe ,PA
Warsawcity,Kosciusko ,IN
MountVernoncity,Skagit ,WA
SiouxFallscity,Minnehaha ,SD
Greenevilletown,Greene ,TN
Chesapeakecity,Chesapeake City,VA
HighPointcity,Guilford ,NC
Alamogordocity,Otero ,NM
RockyHilltown,Hartford ,CT
Millingtoncity,Shelby ,TN
Sacocity,Sacopee ,ME
SevenHillscity,Hamilton ,OH
Charlestoncity,Kanawha ,WV
Westontown,Middlesex ,MA
Nilestownship,St. Clair ,MI
Delawarecity,Delaware ,OH
Staffordtownship,Stafford ,NJ
Erlangercity,Kenton ,KY
Natchezcity,Adams ,MS
NorthReadingtown,Middlesex ,MA
Westminstercity,Orange ,CA
Vernoncity,Wilbarger ,TX
Edmondscity,Snohomish ,WA
Steubenvillecity,Jefferson ,OH
Florencecity,Florence ,SC
Chinocity,Tuolumne ,CA
Ogdensburgcity,St. Lawrence ,NY
Portsmouthcity,Portsmouth City,VA
Ludlowtown,Hampden ,MA
Hallandalecity,Broward ,FL
Goodlettsvillecity,Davidson ,TN
Montgomerycity,Montgomery ,AL
Randolphtownship,Morris ,NJ
LaMesacity,Los Angeles ,CA
Montebellocity,Los Angeles ,CA
NewBerlincity,Waukesha ,WI
Arkadelphiacity,Clark ,AR
Shrewsburytown,Worcester ,MA
Dartmouthtown,Bristol ,MA
NewCanaantown,Fairfield ,CT
BrighamCitycity,Box Elder ,UT
Clevelandcity,Bradley ,TN
Carpinteriacity,Santa Barbara ,CA
Salinascity,Monterey ,CA
Oviedocity,Seminole ,FL
PalisadesParkborough,Bergen ,NJ
Plainsborotownship,Middlesex ,NJ
Saginawcity,Saginaw ,MI
Vallejocity,Solano ,CA
ElCampocity,San Diego ,TX
Lancastercity,Los Angeles ,CA
CommerceCitycity,Adams ,CO
GrantsPasscity,Josephine ,OR
SanBenitocity,San Benito ,TX
Cantontown,Norfolk ,MA
Polandtownship,Mahoning ,OH
Evansvillecity,Vanderburgh ,IN
Tylercity,Smith ,TX
Burbankcity,Los Angeles ,CA
Newarkcity,Licking ,OH
Gretnacity,Jefferson Parish,LA
MiamiBeachcity,Miami-Dade ,FL
Uplandcity,San Bernardino ,CA
Girardcity,Trumbull ,OH
Shreveportcity,Caddo Parish,LA
Brownstowntownship,Wayne ,MI
Rollacity,Phelps ,MO
Weehawkentownship,Hudson ,NJ
Nashuacity,Hillsborough ,NH
Greensborocity,Guilford ,NC
Somersetcity,Pulaski ,KY
Canandaiguacity,Ontario ,NY
Blacksburgtown,Montgomery ,VA
Indianapoliscity,Marion ,IN
Berwickborough,Columbia ,PA
Owatonnacity,Steele ,MN
ChulaVistacity,San Diego ,CA
Griffithtown,Lake ,IN
Brookfieldtown,Fairfield ,CT
Victorvillecity,San Bernardino ,CA
Valparaisocity,Porter ,IN
AsburyParkcity,Monmouth ,NJ
Bournetown,Barnstable ,MA
Avontown,Tolland ,CT
MossPointcity,Jackson ,MS
Naticktown,Middlesex ,MA
Levellandcity,Hockley ,TX
Russellvillecity,Pope ,AR
Clevelandcity,Cuyahoga ,OH
Pueblocity,Pueblo ,CO
Oakdalecity,Washington ,MN
SantaClaracity,Los Angeles ,CA
EauClairecity,Eau Claire ,WI
SantaAnacity,Orange ,CA
LakeHavasuCitycity,Mohave ,AZ
DePerecity,Brown ,WI
Sharontown,Norfolk ,MA
Temeculacity,Riverside ,CA
Sapulpacity,Creek ,OK
WestAlliscity,Milwaukee ,WI
Casselberrycity,Seminole ,FL
Bentoncity,Saline ,AR
Sunrisecity,Broward ,FL
Glendalecity,Maricopa ,AZ
Hickorycity,Catawba ,NC
Pascagoulacity,Jackson ,MS
Barstowcity,San Bernardino ,CA
HuberHeightscity,Montgomery ,OH
Carrolltoncity,Denton ,TX
Tularecity,Tulare ,CA
VirginiaBeachcity,Virginia Beach City,VA
WarnerRobinscity,Houston ,GA
Longwoodcity,Seminole ,FL
Phoenixcity,Maricopa ,AZ
Thomasvillecity,Davidson ,NC
Plymouthtown,Litchfield ,CT
Readingtontownship,Hunterdon ,NJ
BedfordHeightscity,Cuyahoga ,OH
Hillsboroughtown,San Mateo ,CA
HuntingtonParkcity,Los Angeles ,CA
Gallatincity,Sumner ,TN
NewMilfordborough,Bergen ,NJ
Magnoliacity,Columbia ,AR
Concordcity,Merrimack ,NH
SafetyHarborcity,Pinellas ,FL
Yakimacity,Yakima ,WA
Middletowncity,Butler ,OH
Springfieldtownship,Union ,NJ
Lafayettecity,Tippecanoe ,IN
CherryHilltownship,Camden ,NJ
Tauntoncity,Bristol ,MA
Oremcity,Utah ,UT
UniversityParkcity,Dallas ,TX
Woodwardcity,Woodward ,OK
ColumbiaHeightscity,Anoka ,MN
LaQuintacity,Riverside ,CA
Walpoletown,Norfolk ,MA
Thomastownship,Leelanau ,MI
Decaturcity,DeKalb ,GA
Holbrooktown,Norfolk ,MA
Fairbankscity,Fairbanks North Star Borough,AK
Berlincity,Coos ,NH
Manchestertown,Hartford ,CT
FortMyerscity,Lee ,FL
Whitehalltownship,Lehigh ,PA
Marbleheadtown,Essex ,MA
Enidcity,Garfield ,OK
SantaClaritacity,Los Angeles ,CA
Lawtoncity,Comanche ,OK
EastNorritontownship,Montgomery ,PA
Milfordtown,Hillsborough ,NH
Dovercity,Strafford ,NH
Oswegocity,Oswego ,NY
Stillwatercity,Washington ,MN
Yorktownship,York ,PA
Yorktowntown,Westchester ,NY
Urbandalecity,Polk ,IA
Neptunetownship,Monmouth ,NJ
JohnsonCitycity,Washington ,TN
VanBurentownship,Wayne ,MI
NetherProvidencetownship,Delaware ,PA
Oleancity,Cattaraugus ,NY
Richardsoncity,Dallas ,TX
Ukiahcity,Mendocino ,CA
ShakerHeightscity,Cuyahoga ,OH
Rosevillecity,Macomb ,MI
Altuscity,Jackson ,OK
Nogalescity,Santa Cruz ,AZ
Dedhamtown,Norfolk ,MA
Seattlecity,King ,WA
Bristoltown,Hartford ,CT
Wilmettevillage,Cook ,IL
SiouxCitycity,Woodbury ,IA
EastBridgewatertown,Plymouth ,MA
Londonderrytown,Rockingham ,NH
Pasadenacity,Harris ,TX
EastLansingcity,Ingham ,MI
Hopatcongborough,Sussex ,NJ
Viennacity,Wood ,WV
FlowerMoundtown,Denton ,TX
Derbytown,New Haven ,CT
Gladstonecity,Clay ,MO
SilverCitytown,Grant ,NM
Overlandcity,St. Louis ,MO
Lafayettecity,Contra Costa ,CA
Vicksburgcity,Warren ,MS
Starkvillecity,Oktibbeha ,MS
CrystalLakecity,McHenry ,IL
Wilmingtontown,Middlesex ,MA
Greenwoodcity,Johnson ,IN
SanDimascity,Los Angeles ,CA
Maryvillecity,Nodaway ,MO
Burtoncity,Genesee ,MI
Statesborocity,Bulloch ,GA
Grenadacity,Grenada ,MS
Longmontcity,Boulder ,CO
Rockawaytownship,Morris ,NJ
Kennettcity,Dunklin ,MO
Jacksoncity,Madison ,TN
PalmDesertcity,Riverside ,CA
Phoenixvilleborough,Chester ,PA
Princetontownship,Mercer ,NJ
Herculescity,Contra Costa ,CA
Wyckofftownship,Bergen ,NJ
LittleEggHarbortownship,Ocean ,NJ
Teanecktownship,Bergen ,NJ
Edinburgcity,Hidalgo ,TX
Hillsborocity,Washington ,OR
PortHuenemecity,Ventura ,CA
Tuscaloosacity,Tuscaloosa ,AL
Madisoncity,Madison ,AL
Hammontontown,Atlantic ,NJ
WestMilfordtownship,Passaic ,NJ
FallRivercity,Bristol ,MA
EggHarbortownship,Atlantic ,NJ
Brightoncity,Adams ,CO
Lawndalecity,Los Angeles ,CA
Puyallupcity,Pierce ,WA
Weatherfordcity,Parker ,TX
Duncancity,Stephens ,OK
WestHaventown,New Haven ,CT
Willistoncity,Williams ,ND
Manvilleborough,Somerset ,NJ
Mercedcity,Merced ,CA
Pinevillecity,Rapides Parish,LA
Yucaipacity,San Bernardino ,CA
Beevillecity,Bee ,TX
WestSacramentocity,Yolo ,CA
WestBendcity,Washington,WI
NewPhiladelphiacity,Tuscarawas,OH